{"cameraMode":{"drawMode":0,"name":"Shaded","section":"Shading Mode"},"sceneLighting":true,"audioPlay":false,"sceneViewState":{"showFog":true,"showMaterialUpdate":false,"showSkybox":true,"showFlares":true,"showImageEffects":true,"showParticleSystems":true},"in2DMode":false,"pivot":{"x":-0.5911451578140259,"y":1.961315631866455,"z":-17.366607666015626},"rotation":{"x":-0.05577217787504196,"y":-0.01737486571073532,"z":0.0009711828315630555,"w":-0.9982916712760925},"size":0.657124400138855,"orthographic":false}