{"cameraMode":{"drawMode":0,"name":"Shaded","section":"Shading Mode"},"sceneLighting":true,"audioPlay":false,"sceneViewState":{"showFog":true,"showMaterialUpdate":false,"showSkybox":true,"showFlares":true,"showImageEffects":true,"showParticleSystems":true},"in2DMode":false,"pivot":{"x":-0.6582407355308533,"y":-1.2514420747756959,"z":9.347834587097168},"rotation":{"x":-0.10361500829458237,"y":0.01252924744039774,"z":-0.0013052053982391954,"w":-0.9945368766784668},"size":10.0,"orthographic":false}